employeeId,firstName,lastName,email,doj,salaryInMonths,phoneNumber
1,aa,la,aa@e.com,1999-01-01,30000,1
2,ab,lb,ab@e.com,1999-01-01,30000,"2,3"
3,ac,lc,ac@e.com,1999-01-01,30000,"3,4,5"
4,aa,la,aa@e.com,1999-01-01,30000,s4
5,ab,lb,ab@e.com,1999-01-01,30000,5
6,ac,lc,ac@e.com,1999-01-01,30000,d
7,aa,la,aa@e.com,1999-01-01,30000,7
8,ab,lb,ab@e.com,1999-01-01,30000,sd
9,ac,lc,ac@e.com,1999-01-01,30000,9
10,aa,la,aa@e.com,1999-01-01,30000,10
11,ab,lb,ab@e.com,1999-01-01,30000,11
12,ac,lc,ac@e.com,1999-01-01,30000,12
13,aa,la,aa@e.com,1999-01-01,30000,13
14,ab,lb,ab@e.com,1999-01-01,30000,wew
15,ac,lc,ac@e.com,1999-01-01,30000,15
16,aa,la,aa@e.com,1999-01-01,30000,16
17,ab,lb,ab@e.com,1999-01-01,30000,17
18,ac,lc,ac@e.com,1999-01-01,30000,18
19,aa,la,aa@e.com,1999-01-01,30000,19
20,ab,lb,ab@e.com,1999-01-01,30000,20
21,ac,lc,ac@e.com,1999-01-01,30000,21
22,aa,la,aa@e.com,1999-01-01,30000,22
23,ab,lb,ab@e.com,1999-01-01,30000,23
24,ac,lc,ac@e.com,1999-01-01,30000,24
25,aa,la,aa@e.com,1999-01-01,30000,1
26,ab,lb,ab@e.com,1999-01-01,30000,"2,4"
27,ac,lc,ac@e.com,1999-01-01,30000,"3,4,6"
28,aa,la,aa@e.com,1999-01-01,30000,s5
29,ab,lb,ab@e.com,1999-01-01,30000,5
30,ac,lc,ac@e.com,1999-01-01,30000,d
31,aa,la,aa@e.com,1999-01-01,30000,7
32,ab,lb,ab@e.com,1999-01-01,30000,sd
33,ac,lc,ac@e.com,1999-01-01,30000,14
34,aa,la,aa@e.com,1999-01-01,30000,15
35,ab,lb,ab@e.com,1999-01-01,30000,16
36,ac,lc,ac@e.com,1999-01-01,30000,17
37,aa,la,aa@e.com,1999-01-01,30000,18
38,ab,lb,ab@e.com,1999-01-01,30000,wew
39,ac,lc,ac@e.com,1999-01-01,30000,25
40,aa,la,aa@e.com,1999-01-01,30000,26
41,ab,lb,ab@e.com,1999-01-01,30000,27
42,ac,lc,ac@e.com,1999-01-01,30000,28
43,aa,la,aa@e.com,1999-01-01,30000,29
44,ab,lb,ab@e.com,1999-01-01,30000,30
45,ac,lc,ac@e.com,1999-01-01,30000,31
46,aa,la,aa@e.com,1999-01-01,30000,32
47,ab,lb,ab@e.com,1999-01-01,30000,33
48,ac,lc,ac@e.com,1999-01-01,30000,34
49,aa,la,aa@e.com,1999-01-01,30000,1
50,ab,lb,ab@e.com,1999-01-01,30000,"2,5"
51,ac,lc,ac@e.com,1999-01-01,30000,"3,4,7"
52,aa,la,aa@e.com,1999-01-01,30000,s6
53,ab,lb,ab@e.com,1999-01-01,30000,5
54,ac,lc,ac@e.com,1999-01-01,30000,d
55,aa,la,aa@e.com,1999-01-01,30000,7
56,ab,lb,ab@e.com,1999-01-01,30000,sd
57,ac,lc,ac@e.com,1999-01-01,30000,19
58,aa,la,aa@e.com,1999-01-01,30000,20
59,ab,lb,ab@e.com,1999-01-01,30000,21
60,ac,lc,ac@e.com,1999-01-01,30000,22
61,aa,la,aa@e.com,1999-01-01,30000,23
62,ab,lb,ab@e.com,1999-01-01,30000,wew
63,ac,lc,ac@e.com,1999-01-01,30000,35
64,aa,la,aa@e.com,1999-01-01,30000,36
65,ab,lb,ab@e.com,1999-01-01,30000,37
66,ac,lc,ac@e.com,1999-01-01,30000,38
67,aa,la,aa@e.com,1999-01-01,30000,39
68,ab,lb,ab@e.com,1999-01-01,30000,40
69,ac,lc,ac@e.com,1999-01-01,30000,41
70,aa,la,aa@e.com,1999-01-01,30000,42
71,ab,lb,ab@e.com,1999-01-01,30000,43
72,ac,lc,ac@e.com,1999-01-01,30000,44
73,aa,la,aa@e.com,1999-01-01,30000,1
74,ab,lb,ab@e.com,1999-01-01,30000,"2,6"
75,ac,lc,ac@e.com,1999-01-01,30000,"3,4,8"
76,aa,la,aa@e.com,1999-01-01,30000,s7
77,ab,lb,ab@e.com,1999-01-01,30000,5
78,ac,lc,ac@e.com,1999-01-01,30000,d
79,aa,la,aa@e.com,1999-01-01,30000,7
80,ab,lb,ab@e.com,1999-01-01,30000,sd
81,ac,lc,ac@e.com,1999-01-01,30000,24
82,aa,la,aa@e.com,1999-01-01,30000,25
83,ab,lb,ab@e.com,1999-01-01,30000,26
84,ac,lc,ac@e.com,1999-01-01,30000,27
85,aa,la,aa@e.com,1999-01-01,30000,28
86,ab,lb,ab@e.com,1999-01-01,30000,wew
87,ac,lc,ac@e.com,1999-01-01,30000,45
88,aa,la,aa@e.com,1999-01-01,30000,46
89,ab,lb,ab@e.com,1999-01-01,30000,47
90,ac,lc,ac@e.com,1999-01-01,30000,48
91,aa,la,aa@e.com,1999-01-01,30000,49
92,ab,lb,ab@e.com,1999-01-01,30000,50
93,ac,lc,ac@e.com,1999-01-01,30000,51
94,aa,la,aa@e.com,1999-01-01,30000,52
95,ab,lb,ab@e.com,1999-01-01,30000,53
96,ac,lc,ac@e.com,1999-01-01,30000,54
97,aa,la,aa@e.com,1999-01-01,30000,1
98,ab,lb,ab@e.com,1999-01-01,30000,"2,7"
99,ac,lc,ac@e.com,1999-01-01,30000,"3,4,9"
100,aa,la,aa@e.com,1999-01-01,30000,s8
101,ab,lb,ab@e.com,1999-01-01,30000,5
102,ac,lc,ac@e.com,1999-01-01,30000,d
103,aa,la,aa@e.com,1999-01-01,30000,7
104,ab,lb,ab@e.com,1999-01-01,30000,sd
105,ac,lc,ac@e.com,1999-01-01,30000,29
106,aa,la,aa@e.com,1999-01-01,30000,30
107,ab,lb,ab@e.com,1999-01-01,30000,31
108,ac,lc,ac@e.com,1999-01-01,30000,32
109,aa,la,aa@e.com,1999-01-01,30000,33
110,ab,lb,ab@e.com,1999-01-01,30000,wew
111,ac,lc,ac@e.com,1999-01-01,30000,55
130,aa,la,aa@e.com,1999-01-01,30000,56
